Game_Date,Opponent,Player,Player_Status,Injury_Status,PTS_Q1,REB_Q1,AST_Q1,3PM_Q1,PTS_Q2,REB_Q2,AST_Q2,3PM_Q2,PTS_Q3,REB_Q3,AST_Q3,3PM_Q3,PTS_Q4,REB_Q4,AST_Q4,3PM_Q4,PTS_TOTAL,REB_TOTAL,AST_TOTAL,3PM_TOTAL
11/27,New Orleans Pelicans,Cedric Coward,Starter,Healthy,2,1,0,0,2,2,1,0,5,1,1,0,2,4,2,0,12,9,4,0
11/27,New Orleans Pelicans,Jaren Jackson Jr.,Starter,Healthy,9,1,0,3,0,0,0,0,7,3,0,1,6,1,1,0,27,5,2,5
11/27,New Orleans Pelicans,Jaylen Wells,Starter,Healthy,6,2,0,2,0,0,0,0,8,1,1,2,7,0,0,1,25,3,1,5
11/27,New Orleans Pelicans,Vince Williams Jr.,Starter,Healthy,0,1,5,0,0,1,2,0,2,0,5,0,2,2,4,0,5,4,17,0
11/27,New Orleans Pelicans,Zach Edey,Starter,Healthy,4,4,0,0,2,2,0,0,4,2,0,0,11,3,0,0,21,15,0,0
11/25,Denver Nuggets,Cedric Coward,Starter,Healthy,0,3,1,0,2,0,0,0,3,0,1,1,0,0,0,0,5,3,2,1
11/25,Denver Nuggets,Jaren Jackson Jr.,Starter,Healthy,5,2,1,0,2,0,0,0,5,3,3,1,4,1,0,0,16,6,4,1
11/25,Denver Nuggets,Jaylen Wells,Starter,Healthy,7,2,0,2,4,0,0,1,6,1,2,0,5,2,1,1,22,5,3,4
11/25,Denver Nuggets,Vince Williams Jr.,Starter,Healthy,0,0,2,0,3,2,2,1,3,3,1,1,0,0,2,0,6,5,7,2
11/25,Denver Nuggets,Zach Edey,Starter,Healthy,2,1,0,0,0,0,0,0,0,0,0,0,0,0,0,0,2,1,0,0
11/23,Dallas Mavericks,Cedric Coward,Starter,Healthy,0,0,1,0,0,0,0,0,5,2,0,0,4,0,0,0,9,2,1,0
11/23,Dallas Mavericks,Jaylen Wells,Starter,Healthy,2,1,2,0,3,4,1,0,0,0,1,0,4,0,0,0,9,5,4,0
11/23,Dallas Mavericks,Santi Aldama,Starter,Healthy,4,0,0,0,2,2,1,0,10,3,1,2,4,3,2,0,20,8,4,2
11/23,Dallas Mavericks,Vince Williams Jr.,Starter,Healthy,4,4,0,0,2,1,1,0,0,1,4,0,4,4,0,0,10,10,6,0
11/23,Dallas Mavericks,Zach Edey,Starter,Healthy,2,4,1,0,2,4,1,0,6,4,1,0,2,3,0,0,12,15,3,0
11/21,Sacramento Kings,Cedric Coward,Starter,Healthy,5,0,0,1,0,1,2,0,11,2,0,2,3,1,2,1,19,4,4,4
11/21,Sacramento Kings,Jaylen Wells,Starter,Healthy,4,0,1,0,2,1,1,0,7,0,0,2,0,0,0,0,13,1,2,2
11/21,Sacramento Kings,Santi Aldama,Starter,Healthy,3,3,0,1,12,1,1,1,6,0,2,2,8,1,0,1,29,5,3,5
11/21,Sacramento Kings,Vince Williams Jr.,Starter,Healthy,0,2,6,0,2,1,3,0,0,2,4,0,2,0,2,0,4,5,15,0
11/21,Sacramento Kings,Zach Edey,Starter,Healthy,8,2,0,1,8,1,0,0,0,0,0,0,0,1,0,0,16,4,0,1
11/19,San Antonio Spurs,Cedric Coward,Starter,Healthy,3,1,0,1,0,4,1,0,11,3,0,3,5,3,0,1,19,11,1,5
11/19,San Antonio Spurs,Jaren Jackson Jr.,Starter,Healthy,2,4,2,0,7,1,0,1,9,1,0,1,0,0,1,0,18,6,3,2
11/19,San Antonio Spurs,Jaylen Wells,Starter,Healthy,3,0,1,1,2,0,0,0,4,0,0,0,0,1,1,0,9,1,2,1
11/19,San Antonio Spurs,Vince Williams Jr.,Starter,Healthy,2,2,2,0,2,2,0,0,5,3,5,0,5,2,2,1,14,9,9,1
11/19,San Antonio Spurs,Zach Edey,Starter,Healthy,6,4,0,0,2,3,0,0,0,1,2,0,0,3,0,0,8,11,2,0
11/27,New Orleans Pelicans,Cam Spencer,Bench,Healthy,0,1,0,0,5,0,4,1,6,0,3,2,0,1,0,0,11,2,7,3
11/27,New Orleans Pelicans,Jock Landale,Bench,Healthy,0,2,1,0,7,0,0,1,2,0,0,0,2,1,0,0,11,3,1,1
11/27,New Orleans Pelicans,John Konchar,Bench,Healthy,0,0,0,0,7,1,0,1,0,0,0,0,0,1,0,0,7,2,0,1
11/27,New Orleans Pelicans,Kentavious Caldwell-Pope,Bench,Healthy,0,0,0,0,0,0,0,0,0,0,0,0,0,0,0,0,0,1,2,0
11/27,New Orleans Pelicans,Santi Aldama,Bench,Healthy,4,0,0,0,5,3,1,1,5,2,2,1,0,0,1,0,14,5,4,2
11/25,Denver Nuggets,Cam Spencer,Bench,Healthy,2,1,0,0,3,0,0,0,6,0,0,2,7,1,4,1,18,2,4,3
11/25,Denver Nuggets,Jock Landale,Bench,Healthy,2,1,0,0,11,2,1,3,4,4,1,0,9,3,0,0,26,10,2,3
11/25,Denver Nuggets,John Konchar,Bench,Healthy,0,1,0,0,0,1,2,0,0,0,0,0,0,0,0,0,0,2,2,0
11/25,Denver Nuggets,Kentavious Caldwell-Pope,Bench,Healthy,0,0,0,0,0,0,0,0,0,0,0,0,0,0,0,0,8,0,3,2
11/25,Denver Nuggets,Santi Aldama,Bench,Healthy,0,1,1,0,6,4,2,0,4,0,1,0,2,1,2,0,12,6,6,0
11/23,Dallas Mavericks,Cam Spencer,Bench,Healthy,0,0,0,0,2,1,2,0,7,2,1,1,8,1,2,2,17,4,5,3
11/23,Dallas Mavericks,GG Jackson,Bench,Healthy,0,0,0,0,2,1,0,0,0,1,0,0,0,0,0,0,2,2,0,0
11/23,Dallas Mavericks,Jock Landale,Bench,Healthy,7,1,1,1,0,0,0,0,0,0,0,0,0,0,0,0,7,1,1,1
11/23,Dallas Mavericks,John Konchar,Bench,Healthy,0,1,0,0,2,1,0,0,2,3,1,0,0,2,0,0,4,7,1,0
11/23,Dallas Mavericks,Kentavious Caldwell-Pope,Bench,Healthy,0,0,0,0,0,0,0,0,0,0,0,0,0,0,0,0,10,0,1,2
11/23,Dallas Mavericks,Olivier-Maxence Prosper,Bench,Healthy,0,0,0,0,0,0,0,0,0,0,0,0,0,0,0,0,2,7,0,0
11/21,Sacramento Kings,Cam Spencer,Bench,Healthy,0,0,3,0,4,0,2,1,2,1,0,0,1,1,1,0,7,2,6,1
11/21,Sacramento Kings,GG Jackson,Bench,Healthy,0,0,0,0,4,3,1,0,0,0,0,0,2,6,0,0,6,9,1,0
11/21,Sacramento Kings,Jahmai Mashack,Bench,Healthy,0,0,0,0,0,0,0,0,0,0,0,0,6,2,0,2,6,2,0,2
11/21,Sacramento Kings,Jock Landale,Bench,Healthy,8,1,0,0,5,1,0,1,8,4,0,0,0,0,0,0,21,6,0,1
11/21,Sacramento Kings,John Konchar,Bench,Healthy,0,4,1,0,3,2,1,0,0,1,0,0,0,0,1,0,3,7,3,0
11/21,Sacramento Kings,Kentavious Caldwell-Pope,Bench,Healthy,0,0,0,0,0,0,0,0,0,0,0,0,0,0,0,0,2,3,7,0
11/21,Sacramento Kings,Olivier-Maxence Prosper,Bench,Healthy,0,0,0,0,0,0,0,0,0,0,0,0,0,0,0,0,11,1,1,1
11/19,San Antonio Spurs,Cam Spencer,Bench,Healthy,6,1,0,2,4,0,1,0,5,0,1,1,0,1,1,0,15,2,3,3
11/19,San Antonio Spurs,Jock Landale,Bench,Healthy,0,3,0,0,2,2,1,0,2,2,0,0,0,0,1,0,4,7,2,0
11/19,San Antonio Spurs,John Konchar,Bench,Healthy,0,0,0,0,0,1,3,0,0,0,0,0,0,2,0,0,0,3,3,0
11/19,San Antonio Spurs,Kentavious Caldwell-Pope,Bench,Healthy,0,0,0,0,0,0,0,0,0,0,0,0,0,0,0,0,4,3,3,0
11/19,San Antonio Spurs,Santi Aldama,Bench,Healthy,2,2,0,0,4,4,2,0,2,0,0,0,2,0,0,0,10,6,2,0
